what,kind,bundleId,bundleVersion,description,time
started,bundle,org.eclipse.mylyn.commons.ui,3.6.1.v20110720-0100,"org.eclipse.mylyn.commons.ui",1332697701101
started,bundle,org.eclipse.mylyn.context.core,3.6.1.v20110720-0100,"org.eclipse.mylyn.context.core",1332697701101
started,bundle,org.eclipse.mylyn.context.ui,3.6.1.v20120112-0100,"org.eclipse.mylyn.context.ui",1332697701101
started,bundle,org.eclipse.mylyn.monitor.ui,3.6.0.v20110608-1400,"org.eclipse.mylyn.monitor.ui",1332697701101
started,bundle,org.eclipse.mylyn.tasks.ui,3.6.5.v20120215-0100,"org.eclipse.mylyn.tasks.ui",1332697701101
started,bundle,org.eclipse.mylyn.team.ui,3.6.1.v20110825-0100,"org.eclipse.mylyn.team.ui",1332697701101
started,bundle,org.eclipse.pde.launching,3.6.0.v20110506,"org.eclipse.pde.launching",1332697701101
started,bundle,org.eclipse.pde.ui,3.6.100.v20120103_r372,"org.eclipse.pde.ui",1332697701101
started,bundle,org.eclipse.search,3.7.0.v20110928-1504,"org.eclipse.search",1332697701101
started,bundle,org.eclipse.team.core,3.6.0.I20110525-0800,"org.eclipse.team.core",1332697701101
started,bundle,org.eclipse.team.cvs.core,3.3.400.I20110510-0800,"org.eclipse.team.cvs.core",1332697701101
started,bundle,org.eclipse.team.cvs.ui,3.3.401.v20120126-1227,"org.eclipse.team.cvs.ui",1332697701101
started,bundle,org.eclipse.team.ui,3.6.101.R37x_v20111109-0800,"org.eclipse.team.ui",1332697701101
started,bundle,org.eclipse.ui,3.7.0.v20110928-1505,"org.eclipse.ui",1332697701101
started,bundle,org.eclipse.ui.console,3.5.100.v20111007_r372,"org.eclipse.ui.console",1332697701101
started,bundle,org.eclipse.ui.editors,3.7.0.v20110928-1504,"org.eclipse.ui.editors",1332697701101
started,bundle,org.eclipse.ui.forms,3.5.101.v20111011-1919,"org.eclipse.ui.forms",1332697701101
started,bundle,org.eclipse.ui.ide,3.7.0.v20110928-1505,"org.eclipse.ui.ide",1332697701101
started,bundle,org.eclipse.ui.net,1.2.100.v20111208-1155,"org.eclipse.ui.net",1332697701101
started,bundle,org.eclipse.ui.views,3.6.0.v20110928-1505,"org.eclipse.ui.views",1332697701101
started,bundle,org.eclipse.ui.views.log,1.0.200.v20110404,"org.eclipse.ui.views.log",1332697701101
started,bundle,org.eclipse.ui.workbench,3.7.1.v20120104-1859,"org.eclipse.ui.workbench",1332697701101
started,bundle,org.eclipse.ui.workbench.texteditor,3.7.0.v20110928-1504,"org.eclipse.ui.workbench.texteditor",1332697701101
started,bundle,org.eclipse.update.configurator,3.3.100.v20100512,"org.eclipse.update.configurator",1332697701101
started,bundle,org.eclipse.update.core,3.2.500.v20110330,"org.eclipse.update.core",1332697701101
started,bundle,org.eclipse.update.scheduler,3.2.300.v20100512,"org.eclipse.update.scheduler",1332697701101
started,bundle,net.sf.eclipsecs.core,5.5.0.201111092104,"net.sf.eclipsecs.core",1332697701101
started,bundle,net.sf.eclipsecs.ui,5.5.0.201111092104,"net.sf.eclipsecs.ui",1332697701101
started,bundle,org.eclipse.wb.discovery.core,1.3.0.r37x201202052340,"org.eclipse.wb.discovery.core",1332697701101
os,sysinfo,,,"win32",1332697701101
arch,sysinfo,,,"x86_64",1332697701101
ws,sysinfo,,,"win32",1332697701101
locale,sysinfo,,,"de_DE",1332697701101
processors,sysinfo,,,"2",1332697701101
java.runtime.name,sysinfo,,,"Java(TM) SE Runtime Environment",1332697701101
java.runtime.version,sysinfo,,,"1.7.0_03-b05",1332697701101
java.specification.name,sysinfo,,,"Java Platform API Specification",1332697701101
java.specification.vendor,sysinfo,,,"Oracle Corporation",1332697701101
java.specification.version,sysinfo,,,"1.7",1332697701101
java.vendor,sysinfo,,,"Oracle Corporation",1332697701101
java.version,sysinfo,,,"1.7.0_03",1332697701101
java.vm.info,sysinfo,,,"mixed mode",1332697701101
java.vm.name,sysinfo,,,"Java HotSpot(TM) 64-Bit Server VM",1332697701101
java.vm.specification.name,sysinfo,,,"Java Virtual Machine Specification",1332697701101
java.vm.specification.vendor,sysinfo,,,"Oracle Corporation",1332697701101
java.vm.specification.version,sysinfo,,,"1.7",1332697701101
java.vm.vendor,sysinfo,,,"Oracle Corporation",1332697701101
java.vm.version,sysinfo,,,"22.1-b02",1332697701101
started,bundle,org.eclipse.wb.discovery.ui,1.3.0.r37x201202052340,"org.eclipse.wb.discovery.ui",1332697701398
started,bundle,org.eclipse.equinox.p2.ui.sdk,1.0.200.v20110815-1419,"org.eclipse.equinox.p2.ui.sdk",1332697702911
started,bundle,org.eclipse.equinox.p2.ui,2.1.1.v20120113-1346,"org.eclipse.equinox.p2.ui",1332697702927
started,bundle,org.eclipse.equinox.p2.transport.ecf,1.0.0.v20111128-0624,"org.eclipse.equinox.p2.transport.ecf",1332697702973
started,bundle,org.eclipse.ecf.filetransfer,5.0.0.v20110531-2218,"org.eclipse.ecf.filetransfer",1332697702973
started,bundle,org.eclipse.ecf.identity,3.1.100.v20110531-2218,"org.eclipse.ecf.identity",1332697702989
started,bundle,org.eclipse.ecf,3.1.300.v20110531-2218,"org.eclipse.ecf",1332697703005
started,bundle,org.eclipse.ecf.provider.filetransfer.httpclient,4.0.0.v20110531-2218,"org.eclipse.ecf.provider.filetransfer.httpclient",1332697703005
started,bundle,org.eclipse.ecf.provider.filetransfer,3.2.0.v20110531-2218,"org.eclipse.ecf.provider.filetransfer",1332697703020
deactivated,workbench,org.eclipse.ui.workbench,3.7.1.v20120104-1859,"",1332697703161
executed,command,org.eclipse.ui,3.7.0.v20110928-1505,"org.eclipse.ui.edit.paste",1332697707482
started,bundle,org.eclipse.equinox.p2.garbagecollector,1.0.200.v20110815-1419,"org.eclipse.equinox.p2.garbagecollector",1332697716405
started,bundle,org.eclipse.equinox.frameworkadmin,2.0.0.v20110815-1438,"org.eclipse.equinox.frameworkadmin",1332697730461
started,bundle,org.eclipse.equinox.simpleconfigurator.manipulator,2.0.0.v20110815-1438,"org.eclipse.equinox.simpleconfigurator.manipulator",1332697730476
activated,workbench,org.eclipse.ui.workbench,3.7.1.v20120104-1859,"",1332697784265
executed,command,org.eclipse.equinox.p2.ui.sdk,1.0.200.v20110815-1419,"org.eclipse.equinox.p2.ui.sdk.install",1332697784281
deactivated,workbench,org.eclipse.ui.workbench,3.7.1.v20120104-1859,"",1332697784608
started,bundle,org.eclipse.equinox.frameworkadmin.equinox,1.0.300.v20110815-1438,"org.eclipse.equinox.frameworkadmin.equinox",1332697796917
activated,workbench,org.eclipse.ui.workbench,3.7.1.v20120104-1859,"",1332697894620
closed,workbench,org.eclipse.ui.workbench,3.7.1.v20120104-1859,"",1332697894698
started,bundle,org.eclipse.core.filesystem,1.3.100.v20110423-0524,"org.eclipse.core.filesystem",1332697894822
started,bundle,org.eclipse.compare.core,3.5.200.I20110208-0800,"org.eclipse.compare.core",1332697894885
started,bundle,org.eclipse.compare,3.5.202.R37x_v20111109-0800,"org.eclipse.compare",1332697894900
error,log,,,"Invalid preference page path: XML Syntax",1332697894932
activated,perspective,org.eclipse.jdt.ui,,"org.eclipse.jdt.ui.JavaPerspective",1332697929361
started,bundle,org.eclipse.osgi,3.7.2.v20120110-1415,"org.eclipse.osgi",1332697929361
started,bundle,org.eclipse.equinox.simpleconfigurator,1.0.200.v20110815-1438,"org.eclipse.equinox.simpleconfigurator",1332697929361
started,bundle,com.ibm.icu,4.4.2.v20110823,"com.ibm.icu",1332697929361
started,bundle,org.eclipse.core.contenttype,3.4.100.v20110423-0524,"org.eclipse.core.contenttype",1332697929361
started,bundle,org.eclipse.core.databinding.observable,1.4.0.I20110222-0800,"org.eclipse.core.databinding.observable",1332697929361
started,bundle,org.eclipse.core.expressions,3.4.300.v20110228,"org.eclipse.core.expressions",1332697929361
started,bundle,org.eclipse.core.filebuffers,3.5.200.v20110928-1504,"org.eclipse.core.filebuffers",1332697929361
started,bundle,org.eclipse.core.jobs,3.5.101.v20120113-1953,"org.eclipse.core.jobs",1332697929361
started,bundle,org.eclipse.core.net,1.2.100.I20110511-0800,"org.eclipse.core.net",1332697929361
started,bundle,org.eclipse.core.resources,3.7.101.v20120125-1505,"org.eclipse.core.resources",1332697929361
started,bundle,org.eclipse.core.runtime,3.7.0.v20110110,"org.eclipse.core.runtime",1332697929361
started,bundle,org.eclipse.core.runtime.compatibility,3.2.100.v20100505,"org.eclipse.core.runtime.compatibility",1332697929361
started,bundle,org.eclipse.core.runtime.compatibility.auth,3.2.200.v20110110,"org.eclipse.core.runtime.compatibility.auth",1332697929361
started,bundle,org.eclipse.epp.mpc.ui,1.1.1.I20110907-0947,"org.eclipse.epp.mpc.ui",1332697929361
started,bundle,org.eclipse.epp.usagedata.gathering,1.3.1.R201106061540,"org.eclipse.epp.usagedata.gathering",1332697929361
started,bundle,org.eclipse.epp.usagedata.recording,1.3.1.R201106061540,"org.eclipse.epp.usagedata.recording",1332697929361
started,bundle,org.eclipse.equinox.app,1.3.100.v20110321,"org.eclipse.equinox.app",1332697929361
started,bundle,org.eclipse.equinox.common,3.6.0.v20110523,"org.eclipse.equinox.common",1332697929361
started,bundle,org.eclipse.equinox.ds,1.3.1.R37x_v20110701,"org.eclipse.equinox.ds",1332697929377
started,bundle,org.eclipse.equinox.event,1.2.100.v20110502,"org.eclipse.equinox.event",1332697929377
started,bundle,org.eclipse.equinox.p2.artifact.repository,1.1.101.v20110815-1419,"org.eclipse.equinox.p2.artifact.repository",1332697929377
started,bundle,org.eclipse.equinox.p2.core,2.1.1.v20120113-1346,"org.eclipse.equinox.p2.core",1332697929377
started,bundle,org.eclipse.equinox.p2.director,2.1.1.v20111126-0211,"org.eclipse.equinox.p2.director",1332697929377
started,bundle,org.eclipse.equinox.p2.directorywatcher,1.0.300.v20110815-1419,"org.eclipse.equinox.p2.directorywatcher",1332697929377
started,bundle,org.eclipse.equinox.p2.engine,2.1.1.R37x_v20111003,"org.eclipse.equinox.p2.engine",1332697929377
started,bundle,org.eclipse.equinox.p2.extensionlocation,1.2.100.v20110815-1419,"org.eclipse.equinox.p2.extensionlocation",1332697929377
started,bundle,org.eclipse.equinox.p2.metadata,2.1.0.v20110815-1419,"org.eclipse.equinox.p2.metadata",1332697929377
started,bundle,org.eclipse.equinox.p2.metadata.repository,1.2.0.v20110815-1419,"org.eclipse.equinox.p2.metadata.repository",1332697929377
started,bundle,org.eclipse.equinox.p2.operations,2.1.1.R37x_v20111111,"org.eclipse.equinox.p2.operations",1332697929377
started,bundle,org.eclipse.equinox.p2.publisher,1.2.0.v20110815-1419,"org.eclipse.equinox.p2.publisher",1332697929377
started,bundle,org.eclipse.equinox.p2.reconciler.dropins,1.1.100.v20110815-1419,"org.eclipse.equinox.p2.reconciler.dropins",1332697929377
started,bundle,org.eclipse.equinox.p2.repository,2.1.1.v20120113-1346,"org.eclipse.equinox.p2.repository",1332697929377
started,bundle,org.eclipse.equinox.p2.touchpoint.eclipse,2.1.1.v20110815-1419,"org.eclipse.equinox.p2.touchpoint.eclipse",1332697929377
started,bundle,org.eclipse.equinox.p2.ui.sdk.scheduler,1.0.100.v20110815-1419,"org.eclipse.equinox.p2.ui.sdk.scheduler",1332697929377
started,bundle,org.eclipse.equinox.p2.updatechecker,1.1.200.v20110815-1419,"org.eclipse.equinox.p2.updatechecker",1332697929377
started,bundle,org.eclipse.equinox.preferences,3.4.2.v20120111-2020,"org.eclipse.equinox.preferences",1332697929377
started,bundle,org.eclipse.equinox.registry,3.5.101.R37x_v20110810-1611,"org.eclipse.equinox.registry",1332697929377
started,bundle,org.eclipse.equinox.security,1.1.1.R37x_v20110822-1018,"org.eclipse.equinox.security",1332697929377
started,bundle,org.eclipse.equinox.util,1.0.300.v20110502,"org.eclipse.equinox.util",1332697929377
started,bundle,org.eclipse.help,3.5.100.v20110426,"org.eclipse.help",1332697929377
started,bundle,org.eclipse.jdt.core,3.7.3.v20120119-1537,"org.eclipse.jdt.core",1332697929377
started,bundle,org.eclipse.jdt.core.manipulation,1.4.0.v20110928-1453,"org.eclipse.jdt.core.manipulation",1332697929377
started,bundle,org.eclipse.jdt.ui,3.7.2.v20120109-1427,"org.eclipse.jdt.ui",1332697929377
started,bundle,org.eclipse.jface,3.7.0.v20110928-1505,"org.eclipse.jface",1332697929377
started,bundle,org.eclipse.jsch.core,1.1.300.I20110514-0800,"org.eclipse.jsch.core",1332697929377
started,bundle,org.eclipse.mylyn.bugzilla.core,3.6.5.v20120123-0100,"org.eclipse.mylyn.bugzilla.core",1332697929377
started,bundle,org.eclipse.mylyn.bugzilla.ui,3.6.0.v20110608-1400,"org.eclipse.mylyn.bugzilla.ui",1332697929377
started,bundle,org.eclipse.mylyn.commons.identity,0.8.0.v20110608-1400,"org.eclipse.mylyn.commons.identity",1332697929377
started,bundle,org.eclipse.mylyn.commons.net,3.6.0.v20110608-1400,"org.eclipse.mylyn.commons.net",1332697929377
started,bundle,org.eclipse.mylyn.commons.ui,3.6.1.v20110720-0100,"org.eclipse.mylyn.commons.ui",1332697929377
started,bundle,org.eclipse.mylyn.context.core,3.6.1.v20110720-0100,"org.eclipse.mylyn.context.core",1332697929377
started,bundle,org.eclipse.mylyn.context.ui,3.6.1.v20120112-0100,"org.eclipse.mylyn.context.ui",1332697929377
started,bundle,org.eclipse.mylyn.monitor.ui,3.6.0.v20110608-1400,"org.eclipse.mylyn.monitor.ui",1332697929377
started,bundle,org.eclipse.mylyn.tasks.ui,3.6.5.v20120215-0100,"org.eclipse.mylyn.tasks.ui",1332697929377
started,bundle,org.eclipse.mylyn.team.ui,3.6.1.v20110825-0100,"org.eclipse.mylyn.team.ui",1332697929377
started,bundle,org.eclipse.pde.launching,3.6.0.v20110506,"org.eclipse.pde.launching",1332697929377
started,bundle,org.eclipse.pde.ui,3.6.100.v20120103_r372,"org.eclipse.pde.ui",1332697929377
started,bundle,org.eclipse.search,3.7.0.v20110928-1504,"org.eclipse.search",1332697929377
started,bundle,org.eclipse.team.core,3.6.0.I20110525-0800,"org.eclipse.team.core",1332697929377
started,bundle,org.eclipse.team.cvs.core,3.3.400.I20110510-0800,"org.eclipse.team.cvs.core",1332697929377
started,bundle,org.eclipse.team.cvs.ui,3.3.401.v20120126-1227,"org.eclipse.team.cvs.ui",1332697929377
started,bundle,org.eclipse.team.ui,3.6.101.R37x_v20111109-0800,"org.eclipse.team.ui",1332697929377
started,bundle,org.eclipse.ui,3.7.0.v20110928-1505,"org.eclipse.ui",1332697929377
started,bundle,org.eclipse.ui.console,3.5.100.v20111007_r372,"org.eclipse.ui.console",1332697929377
started,bundle,org.eclipse.ui.editors,3.7.0.v20110928-1504,"org.eclipse.ui.editors",1332697929377
started,bundle,org.eclipse.ui.forms,3.5.101.v20111011-1919,"org.eclipse.ui.forms",1332697929377
started,bundle,org.eclipse.ui.ide,3.7.0.v20110928-1505,"org.eclipse.ui.ide",1332697929377
started,bundle,org.eclipse.ui.net,1.2.100.v20111208-1155,"org.eclipse.ui.net",1332697929377
started,bundle,org.eclipse.ui.views,3.6.0.v20110928-1505,"org.eclipse.ui.views",1332697929377
started,bundle,org.eclipse.ui.views.log,1.0.200.v20110404,"org.eclipse.ui.views.log",1332697929377
started,bundle,org.eclipse.ui.workbench,3.7.1.v20120104-1859,"org.eclipse.ui.workbench",1332697929377
started,bundle,org.eclipse.ui.workbench.texteditor,3.7.0.v20110928-1504,"org.eclipse.ui.workbench.texteditor",1332697929377
started,bundle,org.eclipse.update.configurator,3.3.100.v20100512,"org.eclipse.update.configurator",1332697929377
started,bundle,org.eclipse.update.core,3.2.500.v20110330,"org.eclipse.update.core",1332697929377
started,bundle,org.eclipse.update.scheduler,3.2.300.v20100512,"org.eclipse.update.scheduler",1332697929377
started,bundle,net.sf.eclipsecs.core,5.5.0.201111092104,"net.sf.eclipsecs.core",1332697929377
started,bundle,net.sf.eclipsecs.ui,5.5.0.201111092104,"net.sf.eclipsecs.ui",1332697929377
started,bundle,org.eclipse.wb.discovery.core,1.3.0.r37x201202052340,"org.eclipse.wb.discovery.core",1332697929377
started,bundle,org.eclipse.wb.discovery.ui,1.3.0.r37x201202052340,"org.eclipse.wb.discovery.ui",1332697929377
os,sysinfo,,,"win32",1332697929377
arch,sysinfo,,,"x86_64",1332697929377
ws,sysinfo,,,"win32",1332697929377
locale,sysinfo,,,"de_DE",1332697929377
processors,sysinfo,,,"2",1332697929377
java.runtime.name,sysinfo,,,"Java(TM) SE Runtime Environment",1332697929377
java.runtime.version,sysinfo,,,"1.7.0_03-b05",1332697929377
java.specification.name,sysinfo,,,"Java Platform API Specification",1332697929377
java.specification.vendor,sysinfo,,,"Oracle Corporation",1332697929377
java.specification.version,sysinfo,,,"1.7",1332697929377
java.vendor,sysinfo,,,"Oracle Corporation",1332697929377
java.version,sysinfo,,,"1.7.0_03",1332697929377
java.vm.info,sysinfo,,,"mixed mode",1332697929377
java.vm.name,sysinfo,,,"Java HotSpot(TM) 64-Bit Server VM",1332697929377
java.vm.specification.name,sysinfo,,,"Java Virtual Machine Specification",1332697929377
java.vm.specification.vendor,sysinfo,,,"Oracle Corporation",1332697929377
java.vm.specification.version,sysinfo,,,"1.7",1332697929377
java.vm.vendor,sysinfo,,,"Oracle Corporation",1332697929377
java.vm.version,sysinfo,,,"22.1-b02",1332697929377
deactivated,workbench,org.eclipse.ui.workbench,3.7.1.v20120104-1859,"",1332697933745
started,bundle,org.eclipse.core.filesystem,1.3.100.v20110423-0524,"org.eclipse.core.filesystem",1332697941108
started,bundle,org.eclipse.debug.core,3.7.1.v20111129-2031,"org.eclipse.debug.core",1332697941201
started,bundle,org.eclipse.jdt.launching,3.6.1.v20111006_r372,"org.eclipse.jdt.launching",1332697941201
activated,workbench,org.eclipse.ui.workbench,3.7.1.v20120104-1859,"",1332697941279
executed,command,org.eclipse.ui,3.7.0.v20110928-1505,"org.eclipse.ui.file.import",1332697941295
started,bundle,org.eclipse.jgit,2.0.0.201203231811,"org.eclipse.jgit",1332697941607
started,bundle,org.eclipse.egit.core,2.0.0.201203231914,"org.eclipse.egit.core",1332697941638
started,bundle,org.eclipse.egit.ui,2.0.0.201203231914,"org.eclipse.egit.ui",1332697941701
started,bundle,org.eclipse.wst.sse.core,1.1.602.v201112071516,"org.eclipse.wst.sse.core",1332697942949
started,bundle,org.eclipse.ltk.core.refactoring,3.5.201.r372_v20111101-0700,"org.eclipse.ltk.core.refactoring",1332697943729
started,bundle,org.eclipse.pde.core,3.7.1.v20120103_r372,"org.eclipse.pde.core",1332697943853
started,bundle,org.eclipse.equinox.p2.garbagecollector,1.0.200.v20110815-1419,"org.eclipse.equinox.p2.garbagecollector",1332697943916
started,bundle,org.eclipse.equinox.p2.transport.ecf,1.0.0.v20111128-0624,"org.eclipse.equinox.p2.transport.ecf",1332697943916
started,bundle,org.eclipse.ecf.filetransfer,5.0.0.v20110531-2218,"org.eclipse.ecf.filetransfer",1332697943931
started,bundle,org.eclipse.ecf.identity,3.1.100.v20110531-2218,"org.eclipse.ecf.identity",1332697943931
started,bundle,org.eclipse.ecf,3.1.300.v20110531-2218,"org.eclipse.ecf",1332697943947
started,bundle,org.eclipse.ecf.provider.filetransfer.httpclient,4.0.0.v20110531-2218,"org.eclipse.ecf.provider.filetransfer.httpclient",1332697943947
started,bundle,org.eclipse.ecf.provider.filetransfer,3.2.0.v20110531-2218,"org.eclipse.ecf.provider.filetransfer",1332697943978
started,bundle,org.eclipse.equinox.frameworkadmin,2.0.0.v20110815-1438,"org.eclipse.equinox.frameworkadmin",1332697943978
opened,editor,org.eclipse.pde.ui,3.6.100.v20120103_r372,"org.eclipse.pde.ui.targetEditor",1332697944009
activated,editor,org.eclipse.pde.ui,3.6.100.v20120103_r372,"org.eclipse.pde.ui.targetEditor",1332697944056
started,bundle,org.eclipse.wst.xml.core,1.1.602.v201201091944,"org.eclipse.wst.xml.core",1332697947925
started,bundle,org.eclipse.equinox.p2.updatesite,1.0.300.v20110815-1419,"org.eclipse.equinox.p2.updatesite",1332698008391
started,bundle,org.eclipse.equinox.p2.touchpoint.natives,1.0.300.v20110815-1419,"org.eclipse.equinox.p2.touchpoint.natives",1332698009186
started,bundle,org.eclipse.equinox.simpleconfigurator.manipulator,2.0.0.v20110815-1438,"org.eclipse.equinox.simpleconfigurator.manipulator",1332698009186
opened,view,org.eclipse.ui.ide,3.7.0.v20110928-1505,"org.eclipse.ui.views.ProgressView",1332698095189
activated,view,org.eclipse.ui.ide,3.7.0.v20110928-1505,"org.eclipse.ui.views.ProgressView",1332698095220
error,log,,,"Provisioning exception",1332698132021
started,bundle,org.eclipse.equinox.frameworkadmin.equinox,1.0.300.v20110815-1438,"org.eclipse.equinox.frameworkadmin.equinox",1332698172394
started,bundle,org.eclipse.core.variables,3.2.500.v20110928-1503,"org.eclipse.core.variables",1332698177557
activated,editor,org.eclipse.pde.ui,3.6.100.v20120103_r372,"org.eclipse.pde.ui.targetEditor",1332698325867
started,bundle,org.eclipse.pde,3.7.2.v201202080800,"org.eclipse.pde",1332698325976
deactivated,workbench,org.eclipse.ui.workbench,3.7.1.v20120104-1859,"",1332698326366
activated,workbench,org.eclipse.ui.workbench,3.7.1.v20120104-1859,"",1332698327193
deactivated,workbench,org.eclipse.ui.workbench,3.7.1.v20120104-1859,"",1332698368939
started,bundle,net.sf.eclipsecs.checkstyle,5.5.0.201111092104,"net.sf.eclipsecs.checkstyle",1332698370389
activated,workbench,org.eclipse.ui.workbench,3.7.1.v20120104-1859,"",1332698556279
executed,command,org.eclipse.ui,3.7.0.v20110928-1505,"org.eclipse.ui.window.preferences",1332698556326
deactivated,workbench,org.eclipse.ui.workbench,3.7.1.v20120104-1859,"",1332698558931
activated,workbench,org.eclipse.ui.workbench,3.7.1.v20120104-1859,"",1332698561755
closed,workbench,org.eclipse.ui.workbench,3.7.1.v20120104-1859,"",1332698561848
started,bundle,org.eclipse.compare.core,3.5.200.I20110208-0800,"org.eclipse.compare.core",1332698562566
started,bundle,org.eclipse.compare,3.5.202.R37x_v20111109-0800,"org.eclipse.compare",1332698562582
error,log,,,"Invalid preference page path: XML Syntax",1332698562847
stopped,bundle,org.eclipse.mylyn.ide.ant,3.6.0.v20110608-1400,"org.eclipse.mylyn.ide.ant",1332698563065
stopped,bundle,org.eclipse.emf.eef.codegen.ecore,1.0.2.v20120216-1513,"org.eclipse.emf.eef.codegen.ecore",1332698563065
stopped,bundle,org.eclipse.emf.eef.codegen,1.0.2.v20120216-1513,"org.eclipse.emf.eef.codegen",1332698563065
stopped,bundle,org.eclipse.mylyn.pde.ui,3.6.0.v20110608-1400,"org.eclipse.mylyn.pde.ui",1332698563065
stopped,bundle,org.eclipse.pde.api.tools.ui,1.0.301.v20110803_r371,"org.eclipse.pde.api.tools.ui",1332698563065
stopped,bundle,org.eclipse.pde.ds.ui,1.0.100.v20111213-1754,"org.eclipse.pde.ds.ui",1332698563065
stopped,bundle,org.eclipse.pde.runtime,3.4.201.v20110928-1516,"org.eclipse.pde.runtime",1332698563065
stopped,bundle,org.eclipse.pde.ua.ui,1.0.100.v20110516,"org.eclipse.pde.ua.ui",1332698563065
stopped,bundle,org.eclipse.pde.ui.templates,3.4.400.v20110928-1516,"org.eclipse.pde.ui.templates",1332698563065
stopped,bundle,org.eclipse.wb.rcp.GroupLayout,1.3.0.r37x201202010125,"org.eclipse.wb.rcp.GroupLayout",1332698563065
stopped,bundle,org.eclipse.wb.rcp.SWT_AWT,1.3.0.r37x201202021427,"org.eclipse.wb.rcp.SWT_AWT",1332698563065
stopped,bundle,org.eclipse.wb.rcp.databinding.emf,1.3.0.r37x201202010053,"org.eclipse.wb.rcp.databinding.emf",1332698563081
stopped,bundle,org.eclipse.wb.rcp.databinding.xwt,1.3.0.r37x201202061752,"org.eclipse.wb.rcp.databinding.xwt",1332698563081
stopped,bundle,org.eclipse.wb.rcp.databinding,1.3.0.r37x201202010053,"org.eclipse.wb.rcp.databinding",1332698563081
stopped,bundle,org.eclipse.wb.rcp.nebula,1.3.0.r37x201202010053,"org.eclipse.wb.rcp.nebula",1332698563081
stopped,bundle,org.eclipse.wb.rcp.swing2swt,1.3.0.r37x201202010053,"org.eclipse.wb.rcp.swing2swt",1332698563081
stopped,bundle,org.eclipse.wb.xwt,1.3.0.r37x201202061752,"org.eclipse.wb.xwt",1332698563081
stopped,bundle,org.eclipse.wb.rcp,1.3.0.r37x201202010053,"org.eclipse.wb.rcp",1332698563081
stopped,bundle,org.eclipse.pde.ui,3.6.100.v20120103_r372,"org.eclipse.pde.ui",1332698563081
stopped,bundle,org.eclipse.ant.ui,3.5.101.v20120110-1739,"org.eclipse.ant.ui",1332698563081
stopped,bundle,org.eclipse.ant.launching,1.0.101.v20120110-1739,"org.eclipse.ant.launching",1332698563081
stopped,bundle,org.eclipse.compare.win32,1.0.200.I20110510-0800,"org.eclipse.compare.win32",1332698563081
stopped,bundle,org.eclipse.emf.compare.ui,1.2.2.v20120214-0915,"org.eclipse.emf.compare.ui",1332698563081
stopped,bundle,org.eclipse.equinox.p2.ui.sdk,1.0.200.v20110815-1419,"org.eclipse.equinox.p2.ui.sdk",1332698563081
stopped,bundle,org.eclipse.mylyn.java.tasks,3.6.0.v20110608-1400,"org.eclipse.mylyn.java.tasks",1332698563081
stopped,bundle,org.eclipse.mylyn.java.ui,3.6.0.v20110608-1400,"org.eclipse.mylyn.java.ui",1332698563081
stopped,bundle,org.eclipse.jdt.junit,3.7.0.v20110928-1453,"org.eclipse.jdt.junit",1332698563081
stopped,bundle,org.eclipse.jdt.apt.ui,3.3.300.v20110305-1450,"org.eclipse.jdt.apt.ui",1332698563081
stopped,bundle,org.eclipse.jdt.debug.ui,3.6.1.v20111006_r372,"org.eclipse.jdt.debug.ui",1332698563081
stopped,bundle,net.sf.eclipsecs.ui,5.5.0.201111092104,"net.sf.eclipsecs.ui",1332698563096
stopped,bundle,net.sf.eclipsecs.core,5.5.0.201111092104,"net.sf.eclipsecs.core",1332698563096
stopped,bundle,org.eclipse.wb.core.databinding.xml,1.3.0.r37x201202052344,"org.eclipse.wb.core.databinding.xml",1332698563096
stopped,bundle,org.eclipse.wb.swing.databinding,1.3.0.r37x201202021417,"org.eclipse.wb.swing.databinding",1332698563096
stopped,bundle,org.eclipse.wb.core.databinding,1.3.0.r37x201202052311,"org.eclipse.wb.core.databinding",1332698563096
stopped,bundle,org.eclipse.wb.swing.FormLayout,1.3.0.r37x201202021417,"org.eclipse.wb.swing.FormLayout",1332698563096
stopped,bundle,org.eclipse.wb.swing.MigLayout,1.3.0.r37x201202021417,"org.eclipse.wb.swing.MigLayout",1332698563096
stopped,bundle,org.eclipse.wb.swing.java6,1.3.0.r37x201202021417,"org.eclipse.wb.swing.java6",1332698563096
stopped,bundle,org.eclipse.wb.swing.jsr296,1.3.0.r37x201202021417,"org.eclipse.wb.swing.jsr296",1332698563096
stopped,bundle,org.eclipse.wb.swing,1.3.0.r37x201202021417,"org.eclipse.wb.swing",1332698563096
stopped,bundle,org.eclipse.wb.core.ui,1.3.0.r37x201202052340,"org.eclipse.wb.core.ui",1332698563096
stopped,bundle,org.eclipse.wb.core.xml,1.3.0.r37x201202052344,"org.eclipse.wb.core.xml",1332698563096
stopped,bundle,org.eclipse.wb.css,1.3.0.r37x201202052330,"org.eclipse.wb.css",1332698563096
stopped,bundle,org.eclipse.wb.layout.group,1.3.0.r37x201202060028,"org.eclipse.wb.layout.group",1332698563096
stopped,bundle,org.eclipse.wb.os.win32,1.3.0.r37x201202052311,"org.eclipse.wb.os.win32",1332698563096
stopped,bundle,org.eclipse.wb.swt,1.3.0.r37x201202010030,"org.eclipse.wb.swt",1332698563096
stopped,bundle,org.eclipse.wb.core,1.3.0.r37x201202052311,"org.eclipse.wb.core",1332698563096
stopped,bundle,org.eclipse.jdt.ui,3.7.2.v20120109-1427,"org.eclipse.jdt.ui",1332698563128
stopped,bundle,org.eclipse.wst.xml.ui,1.1.202.v201112071516,"org.eclipse.wst.xml.ui",1332698563128
stopped,bundle,org.eclipse.wst.common.ui,1.1.500.v200911190730,"org.eclipse.wst.common.ui",1332698563128
stopped,bundle,org.eclipse.wst.sse.ui,1.3.2.v201201041522,"org.eclipse.wst.sse.ui",1332698563128
stopped,bundle,org.eclipse.egit.mylyn.ui,2.0.0.201203231914,"org.eclipse.egit.mylyn.ui",1332698563128
stopped,bundle,org.eclipse.egit.ui,2.0.0.201203231914,"org.eclipse.egit.ui",1332698563128
stopped,bundle,org.eclipse.search,3.7.0.v20110928-1504,"org.eclipse.search",1332698563159
stopped,bundle,org.eclipse.emf.cdo.ui.ide,4.0.0.v20110607-1031,"org.eclipse.emf.cdo.ui.ide",1332698563159
stopped,bundle,org.eclipse.emf.ecoretools,1.0.0.v20110608-1236,"org.eclipse.emf.ecoretools",1332698563159
stopped,bundle,org.eclipse.emf.ecoretools.diagram,1.0.0.v20110601-1615,"org.eclipse.emf.ecoretools.diagram",1332698563159
